{"cameraMode":{"drawMode":0,"name":"Shaded","section":"Shading Mode"},"sceneLighting":false,"audioPlay":false,"sceneViewState":{"showFog":true,"showMaterialUpdate":false,"showSkybox":false,"showFlares":true,"showImageEffects":true,"showParticleSystems":true},"in2DMode":false,"pivot":{"x":514.387451171875,"y":1014.0888061523438,"z":115.06428527832031},"rotation":{"x":-0.22897908091545106,"y":-0.04758129268884659,"z":0.011206629686057568,"w":-0.9722067713737488},"size":304.2449645996094,"orthographic":false}