{"cameraMode":{"drawMode":0,"name":"Shaded","section":"Shading Mode"},"sceneLighting":false,"audioPlay":false,"sceneViewState":{"showFog":true,"showMaterialUpdate":false,"showSkybox":false,"showFlares":true,"showImageEffects":true,"showParticleSystems":true},"in2DMode":false,"pivot":{"x":-0.5497444868087769,"y":0.7207330465316773,"z":5.927479267120361},"rotation":{"x":-0.1329503208398819,"y":0.08225995302200318,"z":-0.011074630543589592,"w":-0.9876428246498108},"size":4.406691074371338,"orthographic":false}